date,openings
12/1/2000,3.1
1/1/2001,4.1
2/1/2001,3.6
3/1/2001,3.3
4/1/2001,3.7
5/1/2001,3.3
6/1/2001,3.1
7/1/2001,3.6
8/1/2001,3
9/1/2001,2.9
10/1/2001,2.9
11/1/2001,2.5
12/1/2001,2.2
1/1/2002,3
2/1/2002,2.4
3/1/2002,2.6
4/1/2002,2.9
5/1/2002,2.6
6/1/2002,2.5
7/1/2002,2.8
8/1/2002,2.7
9/1/2002,2.4
10/1/2002,2.8
11/1/2002,2.3
12/1/2002,1.9
1/1/2003,2.8
2/1/2003,2.3
3/1/2003,2.2
4/1/2003,2.7
5/1/2003,2.5
6/1/2003,2.5
7/1/2003,2.5
8/1/2003,2.5
9/1/2003,2.3
10/1/2003,2.6
11/1/2003,2.2
12/1/2003,2.1
1/1/2004,2.7
2/1/2004,2.5
3/1/2004,2.5
4/1/2004,2.9
5/1/2004,2.8
6/1/2004,2.4
7/1/2004,3.1
8/1/2004,2.7
9/1/2004,2.8
10/1/2004,3
11/1/2004,2.3
12/1/2004,2.5
1/1/2005,2.9
2/1/2005,2.8
3/1/2005,2.9
4/1/2005,3.4
5/1/2005,2.8
6/1/2005,2.9
7/1/2005,3.3
8/1/2005,3.1
9/1/2005,3.1
10/1/2005,3.1
11/1/2005,2.8
12/1/2005,2.7
1/1/2006,3.3
2/1/2006,3
3/1/2006,3.3
4/1/2006,3.8
5/1/2006,3.2
6/1/2006,3.2
7/1/2006,3.4
8/1/2006,3.4
9/1/2006,3.3
10/1/2006,3.4
11/1/2006,3
12/1/2006,2.9
1/1/2007,3.4
2/1/2007,3.2
3/1/2007,3.4
4/1/2007,3.6
5/1/2007,3.3
6/1/2007,3.3
7/1/2007,3.4
8/1/2007,3.3
9/1/2007,3.3
10/1/2007,3.4
11/1/2007,3
12/1/2007,2.8
1/1/2008,3.3
2/1/2008,2.9
3/1/2008,2.9
4/1/2008,3.1
5/1/2008,3
6/1/2008,2.6
7/1/2008,2.8
8/1/2008,2.7
9/1/2008,2.3
10/1/2008,2.5
11/1/2008,2.1
12/1/2008,2
1/1/2009,2.1
2/1/2009,2
3/1/2009,1.8
4/1/2009,1.9
5/1/2009,1.9
6/1/2009,1.8
7/1/2009,1.8
8/1/2009,1.8
9/1/2009,1.9
10/1/2009,2
11/1/2009,1.7
12/1/2009,1.6
1/1/2010,2.2
2/1/2010,1.9
3/1/2010,2
4/1/2010,2.6
5/1/2010,2.3
6/1/2010,2
7/1/2010,2.4
8/1/2010,2.3
9/1/2010,2.2
10/1/2010,2.6
11/1/2010,2.2
12/1/2010,1.9
1/1/2011,2.3
2/1/2011,2.3
3/1/2011,2.4
4/1/2011,2.6
5/1/2011,2.4
6/1/2011,2.5
7/1/2011,2.8
8/1/2011,2.5
9/1/2011,2.8
10/1/2011,2.9
11/1/2011,2.4
12/1/2011,2.4
1/1/2012,2.9
2/1/2012,2.6
3/1/2012,2.9
4/1/2012,3
5/1/2012,2.8
6/1/2012,2.7
7/1/2012,2.9
8/1/2012,2.9
9/1/2012,2.8
10/1/2012,3
11/1/2012,2.6
12/1/2012,2.4
1/1/2013,2.8
2/1/2013,2.8
3/1/2013,2.9
4/1/2013,3.1
5/1/2013,3
6/1/2013,2.9
7/1/2013,2.9
8/1/2013,3
9/1/2013,3
10/1/2013,3.2
11/1/2013,2.6
12/1/2013,2.5
1/1/2014,2.9
2/1/2014,3
3/1/2014,3.1
4/1/2014,3.5
5/1/2014,3.3
6/1/2014,3.4
7/1/2014,3.6
8/1/2014,3.8
9/1/2014,3.4
10/1/2014,3.7
11/1/2014,3.1
12/1/2014,3.1
1/1/2015,3.6
2/1/2015,3.6
3/1/2015,3.6
4/1/2015,4.2
5/1/2015,3.8
6/1/2015,3.5
7/1/2015,4.3
8/1/2015,3.8
9/1/2015,3.8
10/1/2015,4.1
11/1/2015,3.5
12/1/2015,3.4
1/1/2016,4
2/1/2016,3.8
3/1/2016,4.1
4/1/2016,4.2
5/1/2016,3.8
6/1/2016,3.7
7/1/2016,4.3
8/1/2016,3.9
9/1/2016,3.9
10/1/2016,3.9
11/1/2016,3.6
12/1/2016,3.5
1/1/2017,3.7
2/1/2017,3.8
3/1/2017,3.8
4/1/2017,4.4
5/1/2017,3.8
6/1/2017,4
7/1/2017,4.3
8/1/2017,4.2
9/1/2017,4.2
10/1/2017,4.3
11/1/2017,3.8
12/1/2017,3.7
1/1/2018,4.3
2/1/2018,4.1
3/1/2018,4.4
4/1/2018,4.8
5/1/2018,4.5
6/1/2018,4.6
7/1/2018,4.9
8/1/2018,4.7
9/1/2018,4.8
10/1/2018,4.8
11/1/2018,4.5
12/1/2018,4.3
1/1/2019,4.8
2/1/2019,4.3
3/1/2019,4.6
4/1/2019,4.9
5/1/2019,4.6
6/1/2019,4.5
7/1/2019,4.7
8/1/2019,4.7
9/1/2019,4.6
10/1/2019,4.8
11/1/2019,4
12/1/2019,3.8
1/1/2020,4.5
2/1/2020,4.2
3/1/2020,3.7
4/1/2020,3.8
5/1/2020,3.9
6/1/2020,4.1
7/1/2020,4.9
8/1/2020,4.5
9/1/2020,4.5
10/1/2020,4.9
11/1/2020,4.2
12/1/2020,4.1
1/1/2021,4.8
2/1/2021,5
3/1/2021,5.5
4/1/2021,6.4
5/1/2021,6.3
6/1/2021,6.4
7/1/2021,7.5
8/1/2021,7
9/1/2021,6.9
10/1/2021,7.4
11/1/2021,6.5
12/1/2021,6.6
1/1/2022,7.1
2/1/2022,7
3/1/2022,7.4
4/1/2022,7.7
5/1/2022,6.9
6/1/2022,6.6
7/1/2022,7.6
8/1/2022,6.2
9/1/2022,6.6
10/1/2022,6.7
11/1/2022,6.1
12/1/2022,6.2
1/1/2023,6.4
2/1/2023,5.8
3/1/2023,5.8
4/1/2023,6.4
5/1/2023,5.5
6/1/2023,5.4
7/1/2023,5.7
8/1/2023,5.6
9/1/2023,5.6
10/1/2023,5.4
11/1/2023,4.9
12/1/2023,4.8
1/1/2024,5.2
2/1/2024,5
3/1/2024,4.9
4/1/2024,4.9
5/1/2024,4.6
6/1/2024,4.3
7/1/2024,4.8
8/1/2024,4.6
9/1/2024,4.2
10/1/2024,4.7
11/1/2024,4.4
12/1/2024,4.1
1/1/2025,4.6
2/1/2025,4.3
3/1/2025,4.1
4/1/2025,4.6
5/1/2025,4.3
6/1/2025,4.2
7/1/2025,4.6
8/1/2025,4.2
9/1/2025,4.3
10/1/2025,4.5
11/1/2025,4
12/1/2025,3.7
1/1/2026,4.5
2/1/2026,4.1
3/1/2026,4.1
